ID,Label,Count
Malevolgi4,Malevolgi4,563
pulgaboy,pulgaboy,9734
DreamHackCS,DreamHackCS,27238
DarioMocciaTwitch,DarioMocciaTwitch,22800
EWROON,EWROON,41054
MOONMOON,MOONMOON,37824
Castro_1021,Castro_1021,132808
GRONKH,GRONKH,37622
Stray228,Stray228,53284
karljacobs,karljacobs,35091
KendineMuzisyen,KendineMuzisyen,96740
Trymacs,Trymacs,133183
Rammus53,Rammus53,25499
UNLOSTV,UNLOSTV,56434
fuslie,fuslie,30254
Brawlhalla,Brawlhalla,86173
AntoineDanielLive,AntoineDanielLive,43705
pokimane,pokimane,139838
karchez,karchez,8932
CallMeCarsonLIVE,CallMeCarsonLIVE,22040
JesusAVGN,JesusAVGN,25297
TeePee,TeePee,19335
epicenter_en1,epicenter_en1,119853
xQcOW,xQcOW,352281
StableRonaldo_,StableRonaldo_,111265
Philza,Philza,83186
loltyler1,loltyler1,147118
AsLanMashadoVV,AsLanMashadoVV,7887
HasanAbi,HasanAbi,89064
EsfandTV,EsfandTV,45650
k1ng,k1ng,30598
CohhCarnage,CohhCarnage,147745
LIRIK,LIRIK,116523
Dota2RuHub,Dota2RuHub,176746
DerKellerYT,DerKellerYT,9398
HusKerrs,HusKerrs,43050
Locklear,Locklear,54530
Ninja,Ninja,167501
csgomc_ru,csgomc_ru,22767
GingiTV,GingiTV,30490
obervateursdecomplots,obervateursdecomplots,1246
tioorochitwitch,tioorochitwitch,26349
Gotaga,Gotaga,97301
ZanoXVII,ZanoXVII,93525
pokelawls,pokelawls,36743
Agraelus,Agraelus,30073
wtcN,wtcN,81317
Nihachu,Nihachu,58677
SmiteGame,SmiteGame,15320
KYXNYA,KYXNYA,9937
zackrawrr,zackrawrr,47209
NoWay4u_Sir,NoWay4u_Sir,50856
Yogscast,Yogscast,64749
sodapoppin,sodapoppin,229687
Cellbit,Cellbit,94551
Sykkuno,Sykkuno,263885
GothamChess,GothamChess,35211
BruceGrannec,BruceGrannec,11100
Mithrain,Mithrain,38656
blxckoutz,blxckoutz,27711
Kamet0,Kamet0,28400
Shotz,Shotz,17141
5uppp,5uppp,65129
alanzoka,alanzoka,225983
Japczan,Japczan,48449
fps_shaka,fps_shaka,63805
Mizkif,Mizkif,127637
ChristianVieriOfficial,ChristianVieriOfficial,20471
MontanaBlack88,MontanaBlack88,64646
SNEUX,SNEUX,26174
Jahrein,Jahrein,54747
ROSHTEIN,ROSHTEIN,68609
Kaydop,Kaydop,18026
shroud,shroud,378843
Symfuhny,Symfuhny,105974
ZeratoR,ZeratoR,40335
RatedEpicz,RatedEpicz,19372
SypherPK,SypherPK,102436
WePlayUFL,WePlayUFL,3374
ortoPilot,ortoPilot,13821
Kitboga,Kitboga,32133
Tumblurr,Tumblurr,48450
RocketLeague,RocketLeague,184326
Rubius,Rubius,248431
ludwig,ludwig,184182
Jinnytty,Jinnytty,41920
Squeezie,Squeezie,82404
Doublelift,Doublelift,32398
UMGGaming,UMGGaming,5877
HoneyMad,HoneyMad,58690
Smajor1995,Smajor1995,18305
Gaules,Gaules,212278
xChocoBars,xChocoBars,22093
KahBak,KahBak,960
Unboxholics,Unboxholics,11905
FollowGrubby,FollowGrubby,3765
QuickyBaby,QuickyBaby,4542
metagame,metagame,16135
zEkO,zEkO,5346
SolaryHS,SolaryHS,3050
agurin,agurin,1967
KarasMai,KarasMai,14338
itsRiaad,itsRiaad,2208
Arab,Arab,5092
Stanz,Stanz,7864
SquishyMuffinz,SquishyMuffinz,30192
Bidule,Bidule,21137
dinablin,dinablin,13526
TrilluXe,TrilluXe,17541
sneakylol,sneakylol,24908
PimpCSGO,PimpCSGO,2276
elwycco,elwycco,20237
JOEYKAOTYK,JOEYKAOTYK,3582
Etalyx,Etalyx,6525
FENGRUSH,FENGRUSH,732
Savjz,Savjz,4237
superjj102,superjj102,2549
summit1g,summit1g,154003
Fundy,Fundy,32753
modestal,modestal,25465
Gladd,Gladd,33910
KingGeorge,KingGeorge,9651
UberHaxorNova,UberHaxorNova,17996
ClassyBeef,ClassyBeef,8196
FaZeBlaze,FaZeBlaze,21485
alexjacked,alexjacked,1007
RRaenee,RRaenee,12839
Exileshow,Exileshow,10441
pronoobicx,pronoobicx,1128
singsing,singsing,12432
Th3Antonio,Th3Antonio,14402
Broxah,Broxah,8803
JonVlogs,JonVlogs,9266
AdmiralBahroo,AdmiralBahroo,35284
Mapke,Mapke,3416
PiazzTwitch,PiazzTwitch,2029
mount,mount,7679
bmkibler,bmkibler,3173
JLBichouu,JLBichouu,5405
Sjow,Sjow,4307
SirhcEz,SirhcEz,1575
Mobuckets,Mobuckets,3233
icebergdotoxz,icebergdotoxz,506
fghkkkb,fghkkkb,284
KayaYanar,KayaYanar,5557
BlackUFA,BlackUFA,16210
Road2GM3000,Road2GM3000,331
thegameawards,thegameawards,492815
CaptainPuffy,CaptainPuffy,22033
Replays,Replays,10520
SkyrrozTV,SkyrrozTV,18378
DansGaming,DansGaming,4186
epicenter_en2,epicenter_en2,9420
Bronx,Bronx,3296
Patriota,Patriota,16335
blake,blake,2054
Leopard,Leopard,3972
nicklink,nicklink,2200
SrElemao,SrElemao,2473
egorkreedse,egorkreedse,506
adolfz,adolfz,17440
unsympathisch_tv,unsympathisch_tv,17053
Sardoche,Sardoche,78098
baaitrl,baaitrl,8677
smqcked,smqcked,6436
berleezy,berleezy,15273
SmallAnt,SmallAnt,23019
RTGameCrowd,RTGameCrowd,13637
TEBtv3,TEBtv3,3540
CapcomFighters,CapcomFighters,2951
Polecat324,Polecat324,5133
manuelito,manuelito,1521
willneff,willneff,11098
Rogue,Rogue,21741
Kerimhan,Kerimhan,11214
julien,julien,16053
Zander,Zander,408
Maty,Maty,381
VioletaG,VioletaG,14408
Broeki1,Broeki1,5683
Frosty_TV,Frosty_TV,3513
Naguura,Naguura,12625
Rumathra,Rumathra,11113
Madzzy,Madzzy,1237
OhTofu,OhTofu,9079
MuTeX,MuTeX,35672
AmericanHeartAssociation,AmericanHeartAssociation,96
DrLupo,DrLupo,96794
RockstarCR,RockstarCR,3771
Werlyb,Werlyb,18363
daltoosh,daltoosh,20053
Vadeal,Vadeal,4412
wavyjacob,wavyjacob,3083
Rubsarb,Rubsarb,2372
Nvellen,Nvellen,79
Zombie_Barricades,Zombie_Barricades,8995
Pieface23,Pieface23,7396
suetam1v4,suetam1v4,510
Steelmage,Steelmage,8105
universityofky,universityofky,265
GAECHKATM,GAECHKATM,3796
annadeniz,annadeniz,12357
Flight23white,Flight23white,30115
Surefour,Surefour,2503
SovietWomble,SovietWomble,9343
iNoiizY,iNoiizY,2086
ONSCREEN,ONSCREEN,6150
SuppyColleen,SuppyColleen,4348
loud_voltan,loud_voltan,3189
MckyTV,MckyTV,2302
xTheSolutionTV,xTheSolutionTV,2891
loud_bak,loud_bak,71204
TapL,TapL,3979
FPSThailand,FPSThailand,27785
SaVyTzZ,SaVyTzZ,237
richwcampbell,richwcampbell,9587
MikeShowSha,MikeShowSha,20300
AdrianaChechik_,AdrianaChechik_,1876
maxim,maxim,6975
Thijs,Thijs,29480
Syndicate,Syndicate,17172
Jankos,Jankos,74903
POW3Rtv,POW3Rtv,44293
LauGamerCO,LauGamerCO,6245
DarkozTV,DarkozTV,4295
Chips,Chips,3923
4freakshow,4freakshow,33697
Crystal_LoL,Crystal_LoL,6433
FantaBobShow,FantaBobShow,4237
Sequisha,Sequisha,3227
gafallen,gafallen,31511
MiaPlaysss,MiaPlaysss,8995
Dekarldent,Dekarldent,4238
dogdog,dogdog,32149
Brawestrowlessy,Brawestrowlessy,2069
Warframe,Warframe,40837
Limmy,Limmy,5258
GN_GG,GN_GG,6034
epic_sh4doweh,epic_sh4doweh,38381
Hype,Hype,29469
tarzaned,tarzaned,2786
RenRize,RenRize,615
Pimpeano,Pimpeano,124218
Fearitself,Fearitself,3544
Dashy,Dashy,3057
Vitality,Vitality,7457
robert87000,robert87000,7176
UniligaGG,UniligaGG,151
ziGueira,ziGueira,20722
RiceGum,RiceGum,23601
Maxi,Maxi,3970
Rustyk,Rustyk,2211
roonald77,roonald77,1464
jordy2d,jordy2d,3092
g2perkz,g2perkz,63055
Reetlol,Reetlol,11754
Asmongold,Asmongold,183973
hmattTV,hmattTV,4874
DrFeelgood,DrFeelgood,6800
DavidDobrik,DavidDobrik,11360
MmarianaAlpha,MmarianaAlpha,8807
LeBouseuh,LeBouseuh,33223
QUICKHUNTIK,QUICKHUNTIK,4273
imaqtpie,imaqtpie,4620
RustyOFC,RustyOFC,1913
JASONR,JASONR,4978
UnknownxArmy,UnknownxArmy,12079
beschttv,beschttv,3212
madmoizelle,madmoizelle,175
Nightblue3,Nightblue3,6505
Meikodboy_,Meikodboy_,4686
Tortita,Tortita,2476
AnniTheDuck,AnniTheDuck,7609
Dota2ruhub2,Dota2ruhub2,22760
ConnorEatsPants,ConnorEatsPants,21925
Pikabooirl,Pikabooirl,28968
playhearthstonekr,playhearthstonekr,32731
JojoHF,JojoHF,2855
Northernlion,Northernlion,13589
VERNI_SHAVERMY,VERNI_SHAVERMY,4341
hastad,hastad,4824
TenZ,TenZ,29121
WorldofTanks,WorldofTanks,22822
loustreams,loustreams,25967
ofmanny,ofmanny,2158
Nick28T,Nick28T,15812
BULLSEYE,BULLSEYE,1950
Kaellyn,Kaellyn,19382
StRoGo,StRoGo,35053
fnxLNTC,fnxLNTC,18358
fer,fer,12003
NiteNightKid,NiteNightKid,4242
Doigby,Doigby,31589
DOIIIUK,DOIIIUK,81
MarkiLokurasY,MarkiLokurasY,40071
ryujehong,ryujehong,9
Ramee,Ramee,26448
mihalina_,mihalina_,1924
jacksepticeye,jacksepticeye,80099
BLASTPremier,BLASTPremier,261059
bronny,bronny,7265
djrayraytaiwan,djrayraytaiwan,1602
orslok,orslok,13532
BastiGHG,BastiGHG,17808
The_Happy_Hob,The_Happy_Hob,6890
Thebausffs,Thebausffs,5399
footballbromancetv,footballbromancetv,4128
CH14,CH14,1619
zwebackhd,zwebackhd,2843
dakotaz,dakotaz,47069
Fragnance,Fragnance,4204
rewinside,rewinside,24200
KarmikKoala,KarmikKoala,23751
IzakOOO,IzakOOO,9175
BaboAbe,BaboAbe,18599
G4G_REVENANT,G4G_REVENANT,19450
OGADotaPIT,OGADotaPIT,22675
PeuzadaTV,PeuzadaTV,5263
SparkofPhoenixTV,SparkofPhoenixTV,2784
mokrivskyi,mokrivskyi,45752
twitchgaming,twitchgaming,125301
Cerbero_Podcast,Cerbero_Podcast,22975
arsenalofficial,arsenalofficial,108
vitussbrihutva,vitussbrihutva,31
keanelol,keanelol,9536
Gokhan_Oner,Gokhan_Oner,6508
Giantwaffle,Giantwaffle,9705
Staryuuki,Staryuuki,11443
Jelty,Jelty,37546
ratsmah,ratsmah,1577
cidcidoso,cidcidoso,9325
icebergdoto,icebergdoto,6996
sips_,sips_,16537
MerlinChess,MerlinChess,4246
yvonnie,yvonnie,7236
Bustin,Bustin,619
Friskk,Friskk,2460
Subroza,Subroza,20972
JohnnyBoi_i,JohnnyBoi_i,19852
xth0rek,xth0rek,14535
lestream,lestream,54812
LexVeldhuis,LexVeldhuis,2175
dasMEHDI,dasMEHDI,17269
ELoTRiX,ELoTRiX,42398
TFBlade,TFBlade,36514
BikiniBodhi,BikiniBodhi,6944
des0ut,des0ut,13836
FlowPodcast,FlowPodcast,10393
LVNDMARK,LVNDMARK,41963
Dota2ruhub3,Dota2ruhub3,3682
rickyedit,rickyedit,3541
AsmodaiTV,AsmodaiTV,16025
midbeast,midbeast,24532
INSCOPE21TV,INSCOPE21TV,36146
s0mcs,s0mcs,4553
relaxing234,relaxing234,31272
runthefutmarket,runthefutmarket,11499
dafran,dafran,23682
Facherii,Facherii,1035
Chigua,Chigua,7254
8cho,8cho,15769
aceu,aceu,22800
sashagrey,sashagrey,6355
Alliestrasza,Alliestrasza,2101
Toqtir,Toqtir,17944
Anthony_Kongphan,Anthony_Kongphan,4720
Tectone,Tectone,15270
Insomniac,Insomniac,3318
ItsJSTN,ItsJSTN,13762
elon_musk2284,elon_musk2284,640
Laink,Laink,15127
TheRealzBlueWater,TheRealzBlueWater,1074
Move_Mind,Move_Mind,7539
Mixwell,Mixwell,8289
cihanofficial,cihanofficial,8021
GabSmolders,GabSmolders,6475
DavyJones,DavyJones,67478
dunkstream,dunkstream,53149
Sco,Sco,49536
PatoPapao,PatoPapao,7431
Vlesk,Vlesk,14630
pankylol,pankylol,7720
DuelLinksMeta,DuelLinksMeta,2106
Loeya,Loeya,14638
Arcadum,Arcadum,5252
DreamHackCS2,DreamHackCS2,3189
PCH3LK1N,PCH3LK1N,10953
HealthyGamer_GG,HealthyGamer_GG,8190
Solary,Solary,26639
NateHill,NateHill,23843
957thegame,957thegame,49
UFC,UFC,1092
LuluLuvely,LuluLuvely,16141
apl247,apl247,96
Joueur_du_Grenier,Joueur_du_Grenier,23705
4viendha,4viendha,198
Hiko,Hiko,58123
Nmplol,Nmplol,87611
velox,velox,10755
JeanMassietAccropolis,JeanMassietAccropolis,4046
TwelveRivers,TwelveRivers,198
Lineage2Russia,Lineage2Russia,2407
Rekkles,Rekkles,89764
EdenEsports,EdenEsports,1744
KabajiOW,KabajiOW,3307
Swagg,Swagg,77937
Forky,Forky,8001
Pelegrino1993,Pelegrino1993,5221
jovirone,jovirone,11291
Peereira7,Peereira7,15868
GMHikaru,GMHikaru,85710
stevewillsendit,stevewillsendit,10352
DanTDM,DanTDM,10493
Evelone192,Evelone192,137814
Captainflowers22,Captainflowers22,7368
AvoidingThePuddle,AvoidingThePuddle,13067
Chica,Chica,18849
Videoyun,Videoyun,14533
fourcolorzack,fourcolorzack,685
icebergdotore,icebergdotore,127
Myth,Myth,6247
Amouranth,Amouranth,26643
rxnexus,rxnexus,3222
sujagg,sujagg,6423
CyFy,CyFy,82
RakanooLive,RakanooLive,5822
alexelcapo,alexelcapo,86465
pr4ass,pr4ass,3187
sacy,sacy,8006
NAKOO_Fn,NAKOO_Fn,1494
Crayator,Crayator,3306
Letshe,Letshe,15270
Anna_Chess,Anna_Chess,2332
Marzz_Ow,Marzz_Ow,6834
Staiy,Staiy,11598
Destiny,Destiny,14314
nyanners,nyanners,6652
icebergdotosv,icebergdotosv,45
loud_bradoock,loud_bradoock,3832
LeeboyJunior,LeeboyJunior,6184
iamSometimes,iamSometimes,2157
Twayko,Twayko,3297
nl_Kripp,nl_Kripp,29144
joeytuan,joeytuan,4174
DreamHackFN,DreamHackFN,3716
Towelliee,Towelliee,15652
playapex,playapex,14310
mitr0,mitr0,19269
AdinRoss,AdinRoss,75321
NICKMERCS,NICKMERCS,211352
stylishnoob4,stylishnoob4,45481
RayNarvaezJr,RayNarvaezJr,7338
SidneyEweka,SidneyEweka,1854
Wolfiez,Wolfiez,4015
ClintStevens,ClintStevens,20158
Benston,Benston,1550
CrankGameplays,CrankGameplays,11685
TimTheTatman,TimTheTatman,170166
henriquehen1,henriquehen1,7444
UCCleague,UCCleague,1514
pqueen,pqueen,29926
Pink_Sparkles,Pink_Sparkles,25427
Beaulo,Beaulo,16708
Froggen,Froggen,6665
QTCinderella,QTCinderella,12211
TwitchKR,TwitchKR,8864
Eray,Eray,21746
noonebossfs,noonebossfs,84
mang0,mang0,6595
Fresh,Fresh,37533
pokanoname,pokanoname,37257
dubs,dubs,5483
TheBlackHokage,TheBlackHokage,1670
sleepy,sleepy,16305
Spaceboy,Spaceboy,1505
Firebat,Firebat,1804
DreadzTV,DreadzTV,2088
teteu_rp,teteu_rp,4074
Kandyland,Kandyland,2377
Heelmike,Heelmike,3958
Everyeyeit,Everyeyeit,15388
elded,elded,36917
masondota2,masondota2,11568
mistermv,mistermv,60837
chocoTaco,chocoTaco,10159
archangel_hs,archangel_hs,9984
jukes,jukes,4359
HolmesInFive,HolmesInFive,592
GeorgeNotFound,GeorgeNotFound,114588
DrekzeNN,DrekzeNN,4762
Scripe,Scripe,2999
Moonryde,Moonryde,16896
calango,calango,18856
GTimeTV,GTimeTV,5029
QuickReviewShow,QuickReviewShow,30
tv_congo,tv_congo,3160
Brunenger,Brunenger,31917
Criken,Criken,4348
BigBrotherBrasil2021,BigBrotherBrasil2021,3142
blanchitooo,blanchitooo,11552
Felps,Felps,14540
loud_coringa,loud_coringa,59560
AFazendaTV2,AFazendaTV2,1906
melina,melina,30874
Nikeles,Nikeles,790
Tubbo,Tubbo,249407
ElSpreen,ElSpreen,4179
BurkeBlack,BurkeBlack,8493
XANTAREScN,XANTAREScN,17347
goncho,goncho,52819
PainLivestream,PainLivestream,3348
ZLOYn,ZLOYn,27886
DjafarDjafarof,DjafarDjafarof,331
CaptainSparklez,CaptainSparklez,3214
akaNemsko,akaNemsko,2123
TdUpGolf,TdUpGolf,493
Criticas_QLS,Criticas_QLS,3745
notmes,notmes,9867
ChessKid,ChessKid,162
NeZaK_,NeZaK_,3226
Dratnos,Dratnos,2384
BadBoyHalo,BadBoyHalo,33131
Nephtunie,Nephtunie,1849
JoshOG,JoshOG,1506
BobbyPoffGaming,BobbyPoffGaming,1106
SLAKUN10,SLAKUN10,16050
ButcherBabiesTV,ButcherBabiesTV,70
Baiano,Baiano,13260
TEBtv,TEBtv,13068
Terracid,Terracid,9508
zombs,zombs,1871
Swelyy,Swelyy,9244
elon_musk5166,elon_musk5166,399
awesamdude,awesamdude,35291
Loserfruit,Loserfruit,19519
Ayellol,Ayellol,4187
Nikobaby_,Nikobaby_,2466
Momo,Momo,8976
TheViper,TheViper,5012
Delux,Delux,6430
iiTzTimmy,iiTzTimmy,1832
LoLArabia,LoLArabia,20555
GordyKegs,GordyKegs,160
RedRoses11111,RedRoses11111,3159
GMNaroditsky,GMNaroditsky,13816
BatalhaDaAldeia,BatalhaDaAldeia,1087
PENTA,PENTA,10167
Ash_on_LoL,Ash_on_LoL,19060
RocketStreetLive,RocketStreetLive,26376
9pasha,9pasha,5285
TheGrefg,TheGrefg,225799
averagejoewo,averagejoewo,11060
Hitchariide,Hitchariide,1507
SackziTV,SackziTV,7380
Conterstine,Conterstine,5096
ixxYjYxxi,ixxYjYxxi,9409
PointCrow,PointCrow,3372
patiphan,patiphan,1228
Justees,Justees,1724
icebergdotoyd,icebergdotoyd,436
matthewkheafy,matthewkheafy,914
twitchrivals_es,twitchrivals_es,20103
1PVCS,1PVCS,20932
GunnarDotA2,GunnarDotA2,7632
icebergdotomn,icebergdotomn,26
CompletedItMate,CompletedItMate,567
RduLIVE,RduLIVE,29771
itsRyanHiga,itsRyanHiga,10820
MYM_ALKAPONE,MYM_ALKAPONE,33869
Kiyoon,Kiyoon,3554
roflgator,roflgator,15031
sogromnymherom,sogromnymherom,156
ErenAktan,ErenAktan,10708
AhriNyan,AhriNyan,38965
finalfantasyxiv,finalfantasyxiv,9095
TheCliffJensen,TheCliffJensen,65
Ohmwrecker,Ohmwrecker,3832
SmartAIPoker,SmartAIPoker,19
BananaSlamJamma,BananaSlamJamma,4138
Umbra,Umbra,4358
Estrupa27,Estrupa27,633
LukiSteve,LukiSteve,7295
SwaggerSouls,SwaggerSouls,16577
39daph,39daph,33546
Mylonzete,Mylonzete,3668
FolagorLives,FolagorLives,24239
NOBRU,NOBRU,214820
jakenbakeLIVE,jakenbakeLIVE,3074
Zizaran,Zizaran,3004
Otzdarva,Otzdarva,16897
Clix,Clix,102769
Pestily,Pestily,4759
facubanzas,facubanzas,6065
loud_babi,loud_babi,25447
immortal,immortal,445
AmazonMusicDE,AmazonMusicDE,306
supertf,supertf,14579
Tommey,Tommey,1755
boomiexd,boomiexd,11216
tina_tyan,tina_tyan,158
Im_Dontai,Im_Dontai,28792
Recrent,Recrent,27587
MarkitoNavaja,MarkitoNavaja,27073
RatoBorrachudo,RatoBorrachudo,19032
scoped,scoped,63172
Masayoshi,Masayoshi,12848
auronplay,auronplay,404761
babynez,babynez,5616
benjyfishy,benjyfishy,32188
TinaKitten,TinaKitten,35269
PurpleBixi,PurpleBixi,13563
HBomb94,HBomb94,6128
AdmiralBulldog,AdmiralBulldog,29985
x2Twins,x2Twins,32711
GronkhTV,GronkhTV,1878
natalan,natalan,13669
w0xic,w0xic,8340
PUBGKorea,PUBGKorea,6454
ilMasseo,ilMasseo,34546
JrokezFTW,JrokezFTW,9203
Serato,Serato,109
Ahmed_show,Ahmed_show,4404
Destroy,Destroy,1518
moistcr1tikal,moistcr1tikal,101213
biyin_,biyin_,126072
Atrioc,Atrioc,17060
sinatraa,sinatraa,11776
KRUesports,KRUesports,6612
Paoloidolo,Paoloidolo,2906
TSM_ImperialHal,TSM_ImperialHal,50082
DesertHeartsRecords,DesertHeartsRecords,2643
FogoQueimado,FogoQueimado,5419
Calebhart42,Calebhart42,5573
SkyshockTV,SkyshockTV,5268
TaliaMar,TaliaMar,2771
ops1x,ops1x,42753
MitchJones,MitchJones,66082
moparism,moparism,4035
vituss_britvabf,vituss_britvabf,33
ReventXz,ReventXz,25483
olyashaa,olyashaa,4536
buster,buster,117931
AlperBicen,AlperBicen,3997
ChocolateKieran,ChocolateKieran,336
DuendePablo,DuendePablo,18857
Daxak,Daxak,10379
Shaunz,Shaunz,22981
Reborn_Live,Reborn_Live,54505
EasyAllies,EasyAllies,3148
aXtLOL,aXtLOL,13263
smmfair,smmfair,9
LEGOO,LEGOO,8482
ironmouse,ironmouse,7776
BotezLive,BotezLive,8962
KAPO_013_BARCELONA,KAPO_013_BARCELONA,5193
Aydan,Aydan,71217
karavay46,karavay46,12402
DropsByPonk,DropsByPonk,2942
BeatportOfficial,BeatportOfficial,620
wfan,wfan,62
Alderiate,Alderiate,26464
JustaMinx,JustaMinx,7184
Zeitnotlol,Zeitnotlol,4250
cdewx,cdewx,16889
Tiagovski555YT,Tiagovski555YT,15917
neeko,neeko,4567
Luken,Luken,7792
Gabi,Gabi,24699
KYR_SP33DY,KYR_SP33DY,6792
alexandresantoscomedy90,alexandresantoscomedy90,7212
GoddessAlfa,GoddessAlfa,1907
GENSYXA,GENSYXA,20809
PaymoneyWubby,PaymoneyWubby,14219
Trainwreckstv,Trainwreckstv,86417
Sweet_Anita,Sweet_Anita,8403
DaigoTheBeasTV,DaigoTheBeasTV,8172
Gaston,Gaston,11395
ShahZaM,ShahZaM,1227
jccaylen,jccaylen,7415
Papaplatte,Papaplatte,44123
eliasn97,eliasn97,60511
Tourva,Tourva,1770
followKudes,followKudes,853
Lobanjicaa,Lobanjicaa,5444
Sacriel,Sacriel,5127
Dmitry_Lixxx,Dmitry_Lixxx,18959
utage_valorant,utage_valorant,7147
RocKy_,RocKy_,9712
deercheerup,deercheerup,34910
cristianghost,cristianghost,4065
okyyy,okyyy,2395
IWillDominate,IWillDominate,7991
Faker,Faker,89255
Complex,Complex,77
kyo1984123,kyo1984123,2387
JLTomy,JLTomy,27800
just_ns,just_ns,11734
CasinoDaddy,CasinoDaddy,2441
NymN,NymN,17079
Greekgodx,Greekgodx,27488
PLKDAMIAN,PLKDAMIAN,5119
Teamot,Teamot,350
nilojeda,nilojeda,2839
Rakin,Rakin,23892
abu_abeer16,abu_abeer16,1787
iceiceice,iceiceice,3950
SevenGuide44977,SevenGuide44977,720
Lacari,Lacari,2311
LosPollosTV,LosPollosTV,16288
Shlorox,Shlorox,11262
Chess,Chess,17637
HolyXDD,HolyXDD,969
m0xyy,m0xyy,3926
ElmiilloR,ElmiilloR,62994
Paluten,Paluten,2877
AdrianFartade,AdrianFartade,6760
GradyWhite_,GradyWhite_,5394
WTii,WTii,119
W2S,W2S,18157
Markiplier,Markiplier,33159
harbleu,harbleu,12089
dalbitbangtan,dalbitbangtan,2874
smotriuefa,smotriuefa,174
FifaTargrean,FifaTargrean,7087
CallMeKevin,CallMeKevin,7459
gamergirl,gamergirl,1909
ElRichMC,ElRichMC,12030
skill4ltu,skill4ltu,9422
dopa24,dopa24,44059
bateson87,bateson87,12154
yamatonjp,yamatonjp,5156
RealMadrid,RealMadrid,353
BRKsEDU,BRKsEDU,20796
egorkreedlu,egorkreedlu,504
Llobeti4,Llobeti4,7486
Skyyart,Skyyart,21865
fl0m,fl0m,3410
CovertGG,CovertGG,134
CriticalRole,CriticalRole,58079
Alexby11,Alexby11,13203
Jacob4TV,Jacob4TV,9172
NayLunna,NayLunna,100
chigre,chigre,15091
EmadGG,EmadGG,25254
twlevewinsHS,twlevewinsHS,3509
bnans,bnans,14701
izblooming,izblooming,2203
Freneh,Freneh,21127
scump,scump,38727
FaZeApex,FaZeApex,1790
Cizzorz,Cizzorz,16194
Chap,Chap,4647
WELOVEGAMES,WELOVEGAMES,24395
chowh1,chowh1,25533
uzra,uzra,19393
Pato,Pato,7784
GD_booya,GD_booya,8309
XurWatch,XurWatch,2030
Silky,Silky,20003
AriaSaki,AriaSaki,34777
Emzia,Emzia,1031
mrstiventc,mrstiventc,30880
SnaggyMo,SnaggyMo,11045
itsHafu,itsHafu,73598
GiantBomb,GiantBomb,1672
dangerlyoha,dangerlyoha,6472
lol_selfmade,lol_selfmade,6002
Sologesang,Sologesang,3115
Bugha,Bugha,24047
RockAlone,RockAlone,8344
HITBOXKING,HITBOXKING,1173
oGovernor,oGovernor,1117
Dhalucard,Dhalucard,25215
physicalgamerz,physicalgamerz,4312
Hayashii,Hayashii,8920
iLame,iLame,19390
Silvervale,Silvervale,9111
FabulousN,FabulousN,14946
boyMinORu,boyMinORu,8622
atilaht,atilaht,14102
casimito,casimito,18951
NickiTaylor,NickiTaylor,6593
RebirthzTV,RebirthzTV,6397
x6FlipiN,x6FlipiN,18075
BigEx,BigEx,5316
ANGRYPUG,ANGRYPUG,7069
AlphaCast,AlphaCast,4196
Corobizar,Corobizar,3380
Drjayfisto,Drjayfisto,8617
panetty,panetty,14010
Bananirou,Bananirou,2013
itmeJP,itmeJP,9302
INFINITE_SGE,INFINITE_SGE,1720
QuarterJade,QuarterJade,30792
takeshi,takeshi,2778
AnthonyZ,AnthonyZ,6483
TheMasterRodrigo,TheMasterRodrigo,5593
Annoying,Annoying,13889
Thunder1408,Thunder1408,3886
Ottomated,Ottomated,4975
SPYGEA,SPYGEA,26933
xXxTheFocuSxXx,xXxTheFocuSxXx,6437
BeyondTheSummit,BeyondTheSummit,23728
Nadeshot,Nadeshot,24449
ImSoFresh,ImSoFresh,1449
forever,forever,21989
LVPes2,LVPes2,9218
rendogtv,rendogtv,3821
ALOHADANCETV,ALOHADANCETV,4989
EpikWhale,EpikWhale,4386
lol_nemesis,lol_nemesis,10207
nelkboys,nelkboys,19414
Juuu,Juuu,1789
BarbarousKing,BarbarousKing,6541
AlessiaSanteramo,AlessiaSanteramo,154
Domingo,Domingo,55608
tarik,tarik,17279
limit_maximum,limit_maximum,61321
Wotclue,Wotclue,7026
Genburten,Genburten,2749
t1esports,t1esports,493
myspacevapes,myspacevapes,489
nnkknn1234,nnkknn1234,1027
Xiuder_,Xiuder_,11821
GamesDoneQuick,GamesDoneQuick,3637
LittleBigWhale,LittleBigWhale,2867
Lory,Lory,1139
JeelTV,JeelTV,16673
XenosysVex,XenosysVex,5019
CyberRulzTv,CyberRulzTv,8002
coscu,coscu,70187
GorilaNerd,GorilaNerd,147
ZakvielChannel,ZakvielChannel,8463
bazattak007,bazattak007,5710
EAMaddenNFL,EAMaddenNFL,14797
lindsayelyse,lindsayelyse,299
xPOTIx,xPOTIx,242
peterparkTV,peterparkTV,21938
SilverName,SilverName,24848
TheRunningManZ,TheRunningManZ,6001
SteveSuptic,SteveSuptic,18831
DanielaAzuaje_,DanielaAzuaje_,3701
LightFuryLF,LightFuryLF,5367
icebergdotooj,icebergdotooj,512
Jerma985,Jerma985,22179
KindaFunnyGames,KindaFunnyGames,7260
Deadlyslob,Deadlyslob,6448
Elajjaz,Elajjaz,19875
Enviosity,Enviosity,25822
drxcarys,drxcarys,2190
Aurateur,Aurateur,8393
aroyitt,aroyitt,31877
ShivFPS,ShivFPS,29499
Silent,Silent,12249
PrimeVideo,PrimeVideo,25467
Punz,Punz,11952
maitoz,maitoz,4795
RobertoCein,RobertoCein,8290
GernaderJake,GernaderJake,3090
ibai,ibai,395009
Xayoo_,Xayoo_,63855
AussieAntics,AussieAntics,8489
yointerneto,yointerneto,7384
TheNicoleT,TheNicoleT,1496
Quin69,Quin69,53806
Eret,Eret,8149
bratishkinoff,bratishkinoff,57708
Albralelie,Albralelie,4918
Crowder,Crowder,3285
Tonton,Tonton,17962
footballa3,footballa3,57
Swifty,Swifty,3076
chessbrah,chessbrah,3841
WeAreTheVR,WeAreTheVR,16859
DylanteroLIVE,DylanteroLIVE,5413
DeuceAce,DeuceAce,20321
MenosTrece,MenosTrece,14040
DemoneKim,DemoneKim,2477
Natsumiii,Natsumiii,18601
Xposed,Xposed,11443
liraofc,liraofc,3894
BobRoss,BobRoss,4341
Zade,Zade,5713
tommyinnit,tommyinnit,448357
Smoke,Smoke,30484
aXoZer,aXoZer,15374
LITkillah,LITkillah,19850
PietSmiet,PietSmiet,25481
winstrike_tv,winstrike_tv,208295
Brofain,Brofain,4744
FabienneXIII,FabienneXIII,3832
Yotobi,Yotobi,6996
aimdll__,aimdll__,13212
Tomato,Tomato,8632
momonkunn,momonkunn,25223
Igromania,Igromania,976
starsmitten,starsmitten,10051
CoreJJ,CoreJJ,7253
Gosu,Gosu,28584
dallasfancam,dallasfancam,92
WERDER_eSPORTS,WERDER_eSPORTS,467
Elspeth,Elspeth,269
Lunawae,Lunawae,8538
WorldofWarships,WorldofWarships,13421
TwitchSports,TwitchSports,657
BruceDropEmOff,BruceDropEmOff,13146
Sanchovies,Sanchovies,3034
CzechCloud,CzechCloud,9662
Mandzio,Mandzio,7812
BarcaGamer,BarcaGamer,14587
knekro,knekro,32168
demisux,demisux,3967
loud_thurzin,loud_thurzin,51392
Tfue,Tfue,72488
IlloJuan,IlloJuan,46097
AmazonMusic,AmazonMusic,8193
sukiyuki3,sukiyuki3,3498
dainarapariz,dainarapariz,122
Scarra,Scarra,13712
LVPes,LVPes,16388
boxbox,boxbox,11451
NickEh30,NickEh30,64305
Maximilian_DOOD,Maximilian_DOOD,53715
Hungrybox,Hungrybox,4532
miniminter,miniminter,27815
C_a_k_e,C_a_k_e,20853
1mpala,1mpala,2623
Yoshi93,Yoshi93,4937
Kyle,Kyle,6420
AgenteMaxo,AgenteMaxo,10440
Altair,Altair,6149
NeVeR_LosEs,NeVeR_LosEs,12094
Fextralife,Fextralife,50455
Carlitus,Carlitus,853
jean_mago,jean_mago,13819
UnrealYuki,UnrealYuki,34
k3soju,k3soju,31041
WARDELL,WARDELL,39237
Ponce,Ponce,51687
HashtagTom_,HashtagTom_,1897
ybicanoooobov,ybicanoooobov,26016
DieHahn,DieHahn,1778
melharucos,melharucos,17656
JustGaBBo,JustGaBBo,8790
AngryJoeShow,AngryJoeShow,5084
Vicens,Vicens,41384
chesscomfr,chesscomfr,9665
ImDilla,ImDilla,3197
CSRuHub,CSRuHub,5325
CDNThe3rd,CDNThe3rd,3033
Vinesauce,Vinesauce,24338
Kurumx,Kurumx,3933
RATIRL,RATIRL,14516
Amar,Amar,29640
lilypichu,lilypichu,38638
TheRealKnossi,TheRealKnossi,30224
alelu,alelu,3121
IamCristinini,IamCristinini,33904
orkpod,orkpod,1729
Preachlfw,Preachlfw,11334
ChilledChaos,ChilledChaos,20224
lucascharmoso,lucascharmoso,10286
Tyceno,Tyceno,8778
Sabaku_no_Sutoriimaa,Sabaku_no_Sutoriimaa,6704
Elraenn,Elraenn,97208
resttpowered,resttpowered,7737
EvilLucario,EvilLucario,4534
c9judite,c9judite,5793
Jirayalecochon,Jirayalecochon,6262
Maghla,Maghla,6757
juansguarnizo,juansguarnizo,216030
VooDooSh,VooDooSh,13959
Perxitaa,Perxitaa,53647
Gorgc,Gorgc,41130
iskall85,iskall85,7750
Cassiex3,Cassiex3,2444
BikeMan,BikeMan,3584
YoDa,YoDa,92849
BeBePtv,BeBePtv,1354
Diables,Diables,8539
robcdee,robcdee,4873
holak1337,holak1337,9649
Dosia_csgo,Dosia_csgo,5530
Falcodrin,Falcodrin,2818
tinowns,tinowns,17902
SamCroTM,SamCroTM,256
CashApp,CashApp,6340
footballa8,footballa8,104
Maya,Maya,21342
IslandGrown,IslandGrown,20191
RebeuDeter,RebeuDeter,10316
