ID,Label,Count
FolagorLives,FolagorLives,20222
SNEUX,SNEUX,10543
miniminter,miniminter,24275
Dota2RuHub,Dota2RuHub,155705
Agraelus,Agraelus,23149
fps_shaka,fps_shaka,58161
Jelty,Jelty,19124
Vlesk,Vlesk,13242
5uppp,5uppp,46139
Gaules,Gaules,154298
TimTheTatman,TimTheTatman,135090
Kamet0,Kamet0,15794
NateHill,NateHill,23843
lestream,lestream,45742
Everyeyeit,Everyeyeit,11354
alanzoka,alanzoka,130176
ibai,ibai,318104
8cho,8cho,15769
ludwig,ludwig,132195
wtcN,wtcN,71174
Dhalucard,Dhalucard,20603
DarioMocciaTwitch,DarioMocciaTwitch,17020
LIRIK,LIRIK,88866
goncho,goncho,37432
POW3Rtv,POW3Rtv,36528
Squeezie,Squeezie,38802
Tumblurr,Tumblurr,34074
rewinside,rewinside,22038
BLASTPremier,BLASTPremier,194615
Bidule,Bidule,16646
RocketLeague,RocketLeague,128621
ops1x,ops1x,36196
Mizkif,Mizkif,83745
IamCristinini,IamCristinini,25385
Rammus53,Rammus53,19974
Quin69,Quin69,47518
YoDa,YoDa,60266
sodapoppin,sodapoppin,145508
Elraenn,Elraenn,97208
ROSHTEIN,ROSHTEIN,61203
Jahrein,Jahrein,46619
ZeratoR,ZeratoR,25077
Tfue,Tfue,42174
eliasn97,eliasn97,57605
AriaSaki,AriaSaki,33974
AgenteMaxo,AgenteMaxo,10440
limit_maximum,limit_maximum,55847
blxckoutz,blxckoutz,9935
shroud,shroud,276410
AntoineDanielLive,AntoineDanielLive,38419
ybicanoooobov,ybicanoooobov,20663
ELoTRiX,ELoTRiX,35966
INSCOPE21TV,INSCOPE21TV,36146
IlloJuan,IlloJuan,35950
TFBlade,TFBlade,28512
mistermv,mistermv,36260
W2S,W2S,12324
CohhCarnage,CohhCarnage,107705
epicenter_en1,epicenter_en1,107341
WELOVEGAMES,WELOVEGAMES,23582
Stray228,Stray228,43565
winstrike_tv,winstrike_tv,177809
NOBRU,NOBRU,63112
ZanoXVII,ZanoXVII,60859
GothamChess,GothamChess,30100
DrLupo,DrLupo,76574
Tubbo,Tubbo,221085
LeBouseuh,LeBouseuh,27350
Mithrain,Mithrain,29563
Locklear,Locklear,38232
Kerimhan,Kerimhan,11214
Trymacs,Trymacs,111326
Joueur_du_Grenier,Joueur_du_Grenier,22498
pqueen,pqueen,29926
Gotaga,Gotaga,81298
bratishkinoff,bratishkinoff,43817
Aydan,Aydan,60956
Japczan,Japczan,41355
EWROON,EWROON,37302
HasanAbi,HasanAbi,69717
itsHafu,itsHafu,63779
Hype,Hype,15761
HusKerrs,HusKerrs,31309
Cerbero_Podcast,Cerbero_Podcast,20731
Castro_1021,Castro_1021,82266
SmiteGame,SmiteGame,9530
RTGameCrowd,RTGameCrowd,12636
coscu,coscu,67667
Sco,Sco,26531
Asmongold,Asmongold,179248
k1ng,k1ng,8123
footballbromancetv,footballbromancetv,4128
Llobeti4,Llobeti4,5013
MikeShowSha,MikeShowSha,5612
Exileshow,Exileshow,5524
Malevolgi4,Malevolgi4,191
SLAKUN10,SLAKUN10,16050
ChessKid,ChessKid,162
AdmiralBulldog,AdmiralBulldog,26668
Reborn_Live,Reborn_Live,34695
JeanMassietAccropolis,JeanMassietAccropolis,4046
MarkiLokurasY,MarkiLokurasY,34978
DreamHackCS,DreamHackCS,4784
Nadeshot,Nadeshot,19624
RockAlone,RockAlone,5795
mount,mount,7679
gamergirl,gamergirl,1909
Sanchovies,Sanchovies,3034
Thunder1408,Thunder1408,3886
Dekarldent,Dekarldent,4238
Gokhan_Oner,Gokhan_Oner,6508
LosPollosTV,LosPollosTV,15709
AhriNyan,AhriNyan,38965
wavyjacob,wavyjacob,3083
Silent,Silent,11543
Captainflowers22,Captainflowers22,7368
Xiuder_,Xiuder_,8587
BotezLive,BotezLive,6079
Baiano,Baiano,13260
Estrupa27,Estrupa27,633
Zander,Zander,408
NeZaK_,NeZaK_,3226
IWillDominate,IWillDominate,7991
pokelawls,pokelawls,18547
GD_booya,GD_booya,8309
CyberRulzTv,CyberRulzTv,5889
Ramee,Ramee,16964
olyashaa,olyashaa,4536
GMHikaru,GMHikaru,54326
RatedEpicz,RatedEpicz,18266
PENTA,PENTA,9032
julien,julien,14892
Shlorox,Shlorox,11262
auronplay,auronplay,240111
SaVyTzZ,SaVyTzZ,237
RocKy_,RocKy_,9712
Complex,Complex,52
icebergdotooj,icebergdotooj,512
PimpCSGO,PimpCSGO,2276
ChristianVieriOfficial,ChristianVieriOfficial,13582
Paluten,Paluten,2877
GeorgeNotFound,GeorgeNotFound,114588
ixxYjYxxi,ixxYjYxxi,9409
Symfuhny,Symfuhny,81563
SirhcEz,SirhcEz,1575
elon_musk2284,elon_musk2284,640
BastiGHG,BastiGHG,17808
DesertHeartsRecords,DesertHeartsRecords,2296
playapex,playapex,14310
TapL,TapL,3979
GingiTV,GingiTV,23658
Serato,Serato,109
Rubius,Rubius,202983
WERDER_eSPORTS,WERDER_eSPORTS,467
Dratnos,Dratnos,2384
obervateursdecomplots,obervateursdecomplots,691
CovertGG,CovertGG,134
Smajor1995,Smajor1995,15300
Swelyy,Swelyy,9244
Faker,Faker,89255
Towelliee,Towelliee,15652
DeuceAce,DeuceAce,15107
footballa8,footballa8,104
Eray,Eray,18264
JLBichouu,JLBichouu,5405
RockstarCR,RockstarCR,3771
Nightblue3,Nightblue3,6505
Felps,Felps,10764
maitoz,maitoz,4795
FifaTargrean,FifaTargrean,7087
Fearitself,Fearitself,3544
TheGrefg,TheGrefg,158677
orkpod,orkpod,1729
singsing,singsing,10175
RustyOFC,RustyOFC,1913
xXxTheFocuSxXx,xXxTheFocuSxXx,6437
BurkeBlack,BurkeBlack,7352
epic_sh4doweh,epic_sh4doweh,36082
iNoiizY,iNoiizY,2086
LITkillah,LITkillah,10679
jacksepticeye,jacksepticeye,63283
Yotobi,Yotobi,4233
Doigby,Doigby,31589
icebergdotoyd,icebergdotoyd,436
patiphan,patiphan,1228
39daph,39daph,22012
Loeya,Loeya,12755
PatoPapao,PatoPapao,7431
chigre,chigre,5349
Jinnytty,Jinnytty,34075
LVPes,LVPes,16388
loud_babi,loud_babi,7306
RiceGum,RiceGum,14760
nicklink,nicklink,2200
Myth,Myth,6247
Jacob4TV,Jacob4TV,9172
Ohmwrecker,Ohmwrecker,3832
facubanzas,facubanzas,6065
LightFuryLF,LightFuryLF,5367
9pasha,9pasha,5285
Pink_Sparkles,Pink_Sparkles,11364
natalan,natalan,13669
UFC,UFC,1092
tarik,tarik,10399
Trainwreckstv,Trainwreckstv,62864
Elajjaz,Elajjaz,14420
ShahZaM,ShahZaM,1227
CSRuHub,CSRuHub,4332
AmazonMusicDE,AmazonMusicDE,306
Albralelie,Albralelie,4918
Paoloidolo,Paoloidolo,2906
dopa24,dopa24,44059
HBomb94,HBomb94,6128
Momo,Momo,8976
Pestily,Pestily,4759
Papaplatte,Papaplatte,34420
epicenter_en2,epicenter_en2,9420
tv_congo,tv_congo,3160
karavay46,karavay46,10365
des0ut,des0ut,4270
Nikeles,Nikeles,790
xth0rek,xth0rek,12806
IslandGrown,IslandGrown,8831
Leopard,Leopard,3972
Arab,Arab,5092
ONSCREEN,ONSCREEN,5228
tinowns,tinowns,15462
annadeniz,annadeniz,9132
SolaryHS,SolaryHS,3050
lol_nemesis,lol_nemesis,7231
orslok,orslok,13532
DropsByPonk,DropsByPonk,2942
summit1g,summit1g,127969
JrokezFTW,JrokezFTW,6798
CallMeCarsonLIVE,CallMeCarsonLIVE,6928
JeelTV,JeelTV,12180
AdmiralBahroo,AdmiralBahroo,33790
abu_abeer16,abu_abeer16,1787
dogdog,dogdog,25718
ClintStevens,ClintStevens,20158
Road2GM3000,Road2GM3000,331
BruceGrannec,BruceGrannec,7843
DarkozTV,DarkozTV,2613
starsmitten,starsmitten,7002
BigEx,BigEx,5316
4viendha,4viendha,198
Dota2ruhub2,Dota2ruhub2,21476
Eret,Eret,8149
lilypichu,lilypichu,38638
PeuzadaTV,PeuzadaTV,5263
Gosu,Gosu,17635
EvilLucario,EvilLucario,4534
Replays,Replays,7847
VooDooSh,VooDooSh,11656
icebergdotoxz,icebergdotoxz,506
csgomc_ru,csgomc_ru,8449
icebergdotomn,icebergdotomn,26
FPSThailand,FPSThailand,7766
roonald77,roonald77,1464
CH14,CH14,1619
KYR_SP33DY,KYR_SP33DY,4799
hastad,hastad,4824
Naguura,Naguura,9651
Nephtunie,Nephtunie,1849
QuarterJade,QuarterJade,17800
TdUpGolf,TdUpGolf,493
Xposed,Xposed,7618
Bronx,Bronx,3296
RayNarvaezJr,RayNarvaezJr,2699
mitr0,mitr0,19269
Madzzy,Madzzy,1237
RedRoses11111,RedRoses11111,3159
Fundy,Fundy,19132
djrayraytaiwan,djrayraytaiwan,1602
Werlyb,Werlyb,18363
TheRealKnossi,TheRealKnossi,30224
Sacriel,Sacriel,5127
sukiyuki3,sukiyuki3,3498
Spaceboy,Spaceboy,1505
Alderiate,Alderiate,23065
iceiceice,iceiceice,3950
apl247,apl247,96
Maya,Maya,21342
benjyfishy,benjyfishy,32188
masondota2,masondota2,11568
fuslie,fuslie,27694
averagejoewo,averagejoewo,7234
dubs,dubs,5483
Vicens,Vicens,41384
LuluLuvely,LuluLuvely,16141
Smoke,Smoke,10335
Jankos,Jankos,59061
jordy2d,jordy2d,3092
RRaenee,RRaenee,10579
sips_,sips_,12756
Kandyland,Kandyland,2377
Evelone192,Evelone192,119209
resttpowered,resttpowered,7737
zombs,zombs,1871
ShivFPS,ShivFPS,26015
ChilledChaos,ChilledChaos,17272
yvonnie,yvonnie,7236
Rumathra,Rumathra,11113
JesusAVGN,JesusAVGN,21091
CDNThe3rd,CDNThe3rd,3033
LEGOO,LEGOO,8482
AdinRoss,AdinRoss,59669
AlphaCast,AlphaCast,4196
blanchitooo,blanchitooo,11552
Sologesang,Sologesang,3115
GENSYXA,GENSYXA,10607
xPOTIx,xPOTIx,175
madmoizelle,madmoizelle,175
RealMadrid,RealMadrid,353
alexandresantoscomedy90,alexandresantoscomedy90,7212
Greekgodx,Greekgodx,27488
BatalhaDaAldeia,BatalhaDaAldeia,1087
Doublelift,Doublelift,27322
Justees,Justees,1724
PCH3LK1N,PCH3LK1N,8022
ryujehong,ryujehong,8
Vinesauce,Vinesauce,21518
ItsJSTN,ItsJSTN,10357
JohnnyBoi_i,JohnnyBoi_i,19852
c9judite,c9judite,5793
roflgator,roflgator,12545
Reetlol,Reetlol,1746
Brofain,Brofain,4744
unsympathisch_tv,unsympathisch_tv,13006
robert87000,robert87000,6054
NAKOO_Fn,NAKOO_Fn,1494
jccaylen,jccaylen,7415
AdrianaChechik_,AdrianaChechik_,1876
velox,velox,7582
Kaellyn,Kaellyn,15981
NoWay4u_Sir,NoWay4u_Sir,40899
TheNicoleT,TheNicoleT,1496
LVPes2,LVPes2,5980
Syndicate,Syndicate,13457
pankylol,pankylol,7720
PaymoneyWubby,PaymoneyWubby,14219
Natsumiii,Natsumiii,11009
Dashy,Dashy,3057
TheMasterRodrigo,TheMasterRodrigo,5593
Stanz,Stanz,7864
tommyinnit,tommyinnit,306963
panetty,panetty,14010
RakanooLive,RakanooLive,4507
Swagg,Swagg,33654
boxbox,boxbox,8416
ZLOYn,ZLOYn,22555
Firebat,Firebat,1804
JonVlogs,JonVlogs,9266
FlowPodcast,FlowPodcast,10393
cidcidoso,cidcidoso,9325
JustGaBBo,JustGaBBo,8790
ziGueira,ziGueira,20722
Tonton,Tonton,14172
stevewillsendit,stevewillsendit,10352
Hitchariide,Hitchariide,1507
g2perkz,g2perkz,63055
playhearthstonekr,playhearthstonekr,19593
G4G_REVENANT,G4G_REVENANT,13567
RebirthzTV,RebirthzTV,3754
joeytuan,joeytuan,4174
UniligaGG,UniligaGG,151
SwaggerSouls,SwaggerSouls,8878
CzechCloud,CzechCloud,9662
Cassiex3,Cassiex3,2444
SypherPK,SypherPK,56472
SamCroTM,SamCroTM,256
RobertoCein,RobertoCein,8290
takeshi,takeshi,2778
boyMinORu,boyMinORu,2275
Shaunz,Shaunz,21392
lucascharmoso,lucascharmoso,10286
Ponce,Ponce,44395
Scarra,Scarra,3881
Igromania,Igromania,824
AlperBicen,AlperBicen,3997
melina,melina,26969
Brunenger,Brunenger,21158
SackziTV,SackziTV,7380
moparism,moparism,4035
Beaulo,Beaulo,12224
CrankGameplays,CrankGameplays,11685
Carlitus,Carlitus,853
pokimane,pokimane,82443
Lineage2Russia,Lineage2Russia,2407
BarbarousKing,BarbarousKing,6541
uzra,uzra,15002
SrElemao,SrElemao,2473
hmattTV,hmattTV,4874
BlackUFA,BlackUFA,15274
1mpala,1mpala,2623
NickEh30,NickEh30,8256
Flight23white,Flight23white,30115
icebergdotosv,icebergdotosv,45
Gorgc,Gorgc,34041
Recrent,Recrent,25570
Thebausffs,Thebausffs,5399
forever,forever,21989
BeyondTheSummit,BeyondTheSummit,15494
mihalina_,mihalina_,1924
aimdll__,aimdll__,13212
Terracid,Terracid,9508
loud_thurzin,loud_thurzin,29880
Sequisha,Sequisha,3227
MerlinChess,MerlinChess,4246
SkyrrozTV,SkyrrozTV,13523
MYM_ALKAPONE,MYM_ALKAPONE,22886
MitchJones,MitchJones,55173
Limmy,Limmy,5258
HoneyMad,HoneyMad,33537
Surefour,Surefour,2503
GradyWhite_,GradyWhite_,5394
beschttv,beschttv,3212
yamatonjp,yamatonjp,5156
ZakvielChannel,ZakvielChannel,6538
Perxitaa,Perxitaa,44524
Bananirou,Bananirou,2013
RduLIVE,RduLIVE,24560
PurpleBixi,PurpleBixi,13563
UnknownxArmy,UnknownxArmy,10223
TSM_ImperialHal,TSM_ImperialHal,36545
jovirone,jovirone,11291
smotriuefa,smotriuefa,174
WeAreTheVR,WeAreTheVR,13585
stylishnoob4,stylishnoob4,31832
Polecat324,Polecat324,2675
Shotz,Shotz,13615
KarmikKoala,KarmikKoala,23751
BruceDropEmOff,BruceDropEmOff,11287
Silky,Silky,10029
ChocolateKieran,ChocolateKieran,336
StRoGo,StRoGo,35053
GN_GG,GN_GG,6034
Heelmike,Heelmike,2890
loltyler1,loltyler1,93901
Yogscast,Yogscast,54263
Staryuuki,Staryuuki,11443
x2Twins,x2Twins,24929
lol_selfmade,lol_selfmade,6002
buster,buster,104150
Fragnance,Fragnance,4204
Amouranth,Amouranth,16213
MOONMOON,MOONMOON,34676
TwitchKR,TwitchKR,8864
Ottomated,Ottomated,4975
melharucos,melharucos,14889
FogoQueimado,FogoQueimado,5419
Alexby11,Alexby11,13203
AvoidingThePuddle,AvoidingThePuddle,4331
KarasMai,KarasMai,12350
Tyceno,Tyceno,8778
Benston,Benston,1220
demisux,demisux,1533
Chigua,Chigua,5827
SovietWomble,SovietWomble,6844
itsRiaad,itsRiaad,2208
Nick28T,Nick28T,11125
Fresh,Fresh,25583
SquishyMuffinz,SquishyMuffinz,30192
Broeki1,Broeki1,5683
Maghla,Maghla,6757
DuendePablo,DuendePablo,14065
fl0m,fl0m,3410
DemoneKim,DemoneKim,2477
SkyshockTV,SkyshockTV,4557
nyanners,nyanners,6652
Rogue,Rogue,18629
BarcaGamer,BarcaGamer,14587
robcdee,robcdee,4873
ClassyBeef,ClassyBeef,7200
Nikobaby_,Nikobaby_,2466
TheBlackHokage,TheBlackHokage,1670
icebergdoto,icebergdoto,6996
iiTzTimmy,iiTzTimmy,1832
modestal,modestal,21509
chowh1,chowh1,22408
neeko,neeko,4567
Hiko,Hiko,33085
Lunawae,Lunawae,8538
fghkkkb,fghkkkb,284
loud_voltan,loud_voltan,3189
gafallen,gafallen,24126
PUBGKorea,PUBGKorea,6454
Sykkuno,Sykkuno,141846
Ash_on_LoL,Ash_on_LoL,19060
RenRize,RenRize,615
Gaston,Gaston,11395
Crystal_LoL,Crystal_LoL,6433
TEBtv,TEBtv,11401
Bugha,Bugha,24047
Drjayfisto,Drjayfisto,4269
Letshe,Letshe,11347
momonkunn,momonkunn,11156
EmadGG,EmadGG,14489
fnxLNTC,fnxLNTC,18358
TEBtv3,TEBtv3,3540
Umbra,Umbra,4358
s0mcs,s0mcs,4553
Clix,Clix,102769
sogromnymherom,sogromnymherom,156
KendineMuzisyen,KendineMuzisyen,69915
PainLivestream,PainLivestream,3348
adolfz,adolfz,7055
peterparkTV,peterparkTV,18026
Atrioc,Atrioc,17060
SnaggyMo,SnaggyMo,9701
BikiniBodhi,BikiniBodhi,6944
noonebossfs,noonebossfs,84
bnans,bnans,14701
JojoHF,JojoHF,2855
Domingo,Domingo,55608
fer,fer,12003
EsfandTV,EsfandTV,21381
Moonryde,Moonryde,13712
JASONR,JASONR,4978
Anna_Chess,Anna_Chess,2332
alexjacked,alexjacked,1007
LVNDMARK,LVNDMARK,33514
k3soju,k3soju,26359
scump,scump,27430
CoreJJ,CoreJJ,4186
SparkofPhoenixTV,SparkofPhoenixTV,2784
Arcadum,Arcadum,5252
BaboAbe,BaboAbe,8401
calango,calango,5137
deercheerup,deercheerup,33334
MckyTV,MckyTV,2302
liraofc,liraofc,3894
TheViper,TheViper,5012
Scripe,Scripe,2999
harbleu,harbleu,12089
TenZ,TenZ,29121
Lory,Lory,1139
Elspeth,Elspeth,269
Conterstine,Conterstine,5096
EdenEsports,EdenEsports,1744
willneff,willneff,11098
Mobuckets,Mobuckets,3233
Silvervale,Silvervale,2338
QUICKHUNTIK,QUICKHUNTIK,4273
Ninja,Ninja,147961
Gabi,Gabi,20230
twitchgaming,twitchgaming,5941
TrilluXe,TrilluXe,15679
loud_bak,loud_bak,71204
957thegame,957thegame,49
finalfantasyxiv,finalfantasyxiv,9095
BULLSEYE,BULLSEYE,1950
TinaKitten,TinaKitten,35269
Emzia,Emzia,1031
m0xyy,m0xyy,3926
Im_Dontai,Im_Dontai,19720
egorkreedse,egorkreedse,506
Sweet_Anita,Sweet_Anita,3272
Tectone,Tectone,4425
DavyJones,DavyJones,11497
henriquehen1,henriquehen1,7444
SuppyColleen,SuppyColleen,4348
Toqtir,Toqtir,17944
dakotaz,dakotaz,39974
Staiy,Staiy,11598
Broxah,Broxah,8803
smmfair,smmfair,9
egorkreedlu,egorkreedlu,504
JoshOG,JoshOG,1506
knekro,knekro,22013
Zizaran,Zizaran,3004
GMNaroditsky,GMNaroditsky,13816
aroyitt,aroyitt,16508
pokanoname,pokanoname,33529
relaxing234,relaxing234,17837
icebergdotore,icebergdotore,127
mrstiventc,mrstiventc,22824
GiantBomb,GiantBomb,1672
WARDELL,WARDELL,26583
sinatraa,sinatraa,6825
Maximilian_DOOD,Maximilian_DOOD,33229
archangel_hs,archangel_hs,9984
NeVeR_LosEs,NeVeR_LosEs,6113
1PVCS,1PVCS,18530
Giantwaffle,Giantwaffle,9705
blake,blake,2054
OGADotaPIT,OGADotaPIT,20804
Northernlion,Northernlion,8275
PiazzTwitch,PiazzTwitch,2029
BobRoss,BobRoss,4341
midbeast,midbeast,19943
notmes,notmes,9867
TaliaMar,TaliaMar,2771
GronkhTV,GronkhTV,1878
Rekkles,Rekkles,89764
Forky,Forky,8001
Nihachu,Nihachu,28831
bazattak007,bazattak007,5710
Altair,Altair,6149
Anthony_Kongphan,Anthony_Kongphan,4720
PietSmiet,PietSmiet,19802
Markiplier,Markiplier,33159
WorldofWarships,WorldofWarships,7945
casimito,casimito,15700
dunkstream,dunkstream,37925
aXoZer,aXoZer,12583
ALOHADANCETV,ALOHADANCETV,4989
pr4ass,pr4ass,3187
Insomniac,Insomniac,3318
bateson87,bateson87,12154
xQcOW,xQcOW,239650
Zeitnotlol,Zeitnotlol,4250
KAPO_013_BARCELONA,KAPO_013_BARCELONA,5193
DylanteroLIVE,DylanteroLIVE,3620
sujagg,sujagg,6423
GordyKegs,GordyKegs,160
dallasfancam,dallasfancam,92
XenosysVex,XenosysVex,5019
x6FlipiN,x6FlipiN,6453
iLame,iLame,15901
Amar,Amar,29640
awesamdude,awesamdude,20161
Skyyart,Skyyart,19673
AnthonyZ,AnthonyZ,6483
universityofky,universityofky,265
SPYGEA,SPYGEA,23813
Sjow,Sjow,4307
Sardoche,Sardoche,70895
C_a_k_e,C_a_k_e,16075
INFINITE_SGE,INFINITE_SGE,1720
oGovernor,oGovernor,1117
keanelol,keanelol,8911
superjj102,superjj102,2549
loustreams,loustreams,20753
supertf,supertf,12354
Tommey,Tommey,1755
nelkboys,nelkboys,19414
xTheSolutionTV,xTheSolutionTV,2891
MenosTrece,MenosTrece,14040
Lacari,Lacari,2311
Swifty,Swifty,3076
FaZeBlaze,FaZeBlaze,14388
WorldofTanks,WorldofTanks,16160
Subroza,Subroza,20972
Kurumx,Kurumx,3933
Daxak,Daxak,8109
DaigoTheBeasTV,DaigoTheBeasTV,7262
mokrivskyi,mokrivskyi,38119
NymN,NymN,12232
holak1337,holak1337,8342
RATIRL,RATIRL,7725
richwcampbell,richwcampbell,5059
Thijs,Thijs,29480
jean_mago,jean_mago,13819
GAECHKATM,GAECHKATM,3796
GernaderJake,GernaderJake,3090
Dota2ruhub3,Dota2ruhub3,3682
AmazonMusic,AmazonMusic,8193
Laink,Laink,15127
just_ns,just_ns,7610
Facherii,Facherii,1035
Gladd,Gladd,32526
dasMEHDI,dasMEHDI,16712
HITBOXKING,HITBOXKING,694
Lobanjicaa,Lobanjicaa,5444
daltoosh,daltoosh,20053
Brawestrowlessy,Brawestrowlessy,2059
Crowder,Crowder,3285
elon_musk5166,elon_musk5166,399
StableRonaldo_,StableRonaldo_,55061
elded,elded,36917
Enviosity,Enviosity,20790
Punz,Punz,11952
TheRunningManZ,TheRunningManZ,6001
scoped,scoped,48062
UCCleague,UCCleague,1398
loud_bradoock,loud_bradoock,3832
Zombie_Barricades,Zombie_Barricades,8995
Kitboga,Kitboga,25049
Zade,Zade,5713
FantaBobShow,FantaBobShow,4237
TwitchSports,TwitchSports,657
tioorochitwitch,tioorochitwitch,17512
JLTomy,JLTomy,27800
ironmouse,ironmouse,7776
Masayoshi,Masayoshi,12848
Marzz_Ow,Marzz_Ow,4066
Xayoo_,Xayoo_,49926
Cellbit,Cellbit,11436
TeePee,TeePee,15003
AlessiaSanteramo,AlessiaSanteramo,154
MmarianaAlpha,MmarianaAlpha,6554
AmericanHeartAssociation,AmericanHeartAssociation,96
Deadlyslob,Deadlyslob,6448
XANTAREScN,XANTAREScN,17347
The_Happy_Hob,The_Happy_Hob,6890
ConnorEatsPants,ConnorEatsPants,19271
Otzdarva,Otzdarva,16897
FabienneXIII,FabienneXIII,3832
GamesDoneQuick,GamesDoneQuick,3637
SilverName,SilverName,24848
Crayator,Crayator,3306
UberHaxorNova,UberHaxorNova,12891
Cizzorz,Cizzorz,8945
Nmplol,Nmplol,79527
DavidDobrik,DavidDobrik,7541
jakenbakeLIVE,jakenbakeLIVE,3074
LexVeldhuis,LexVeldhuis,2175
dafran,dafran,23682
AdrianFartade,AdrianFartade,6760
Frosty_TV,Frosty_TV,3513
bronny,bronny,7265
sneakylol,sneakylol,23713
Rustyk,Rustyk,2211
BeBePtv,BeBePtv,1354
Philza,Philza,66388
kyo1984123,kyo1984123,2387
AsmodaiTV,AsmodaiTV,12244
w0xic,w0xic,8340
cdewx,cdewx,13136
ElmiilloR,ElmiilloR,59782
MuTeX,MuTeX,23967
FabulousN,FabulousN,13078
BadBoyHalo,BadBoyHalo,33131
Move_Mind,Move_Mind,7539
nl_Kripp,nl_Kripp,26638
LittleBigWhale,LittleBigWhale,2867
UnrealYuki,UnrealYuki,34
PointCrow,PointCrow,3372
biyin_,biyin_,75288
Pikabooirl,Pikabooirl,17806
DrFeelgood,DrFeelgood,6800
Delux,Delux,6430
utage_valorant,utage_valorant,7147
NickiTaylor,NickiTaylor,6593
Ayellol,Ayellol,4187
Corobizar,Corobizar,3380
Annoying,Annoying,4949
dinablin,dinablin,13526
pulgaboy,pulgaboy,2731
akaNemsko,akaNemsko,2123
maxim,maxim,6975
Meikodboy_,Meikodboy_,1714
RebeuDeter,RebeuDeter,10316
ReventXz,ReventXz,25483
Dmitry_Lixxx,Dmitry_Lixxx,18959
Videoyun,Videoyun,8786
Ahmed_show,Ahmed_show,4404
NICKMERCS,NICKMERCS,194804
GunnarDotA2,GunnarDotA2,7632
alexelcapo,alexelcapo,49778
Kyle,Kyle,6420
Freneh,Freneh,16457
ortoPilot,ortoPilot,4131
boomiexd,boomiexd,11216
rxnexus,rxnexus,3222
SmallAnt,SmallAnt,17300
CaptainPuffy,CaptainPuffy,9617
babynez,babynez,5616
Fextralife,Fextralife,37709
moistcr1tikal,moistcr1tikal,42721
iamSometimes,iamSometimes,2157
DanTDM,DanTDM,4077
Pieface23,Pieface23,7396
AnniTheDuck,AnniTheDuck,7609
Steelmage,Steelmage,8105
Destiny,Destiny,14314
CallMeKevin,CallMeKevin,7459
Calebhart42,Calebhart42,5573
smqcked,smqcked,4196
Tomato,Tomato,8632
LukiSteve,LukiSteve,7295
DreamHackCS2,DreamHackCS2,3189
ilMasseo,ilMasseo,21089
ANGRYPUG,ANGRYPUG,7069
Brawlhalla,Brawlhalla,36577
JOEYKAOTYK,JOEYKAOTYK,3582
Genburten,Genburten,2749
Chess,Chess,850
alelu,alelu,3121
Th3Antonio,Th3Antonio,14402
SteveSuptic,SteveSuptic,17613
Vitality,Vitality,7457
Maxi,Maxi,3970
Warframe,Warframe,37877
sleepy,sleepy,11238
elwycco,elwycco,16191
NiteNightKid,NiteNightKid,3157
Diables,Diables,7988
DrekzeNN,DrekzeNN,4762
Solary,Solary,23099
ImDilla,ImDilla,3197
Dosia_csgo,Dosia_csgo,5530
Rakin,Rakin,12365
Mylonzete,Mylonzete,3668
Loserfruit,Loserfruit,14678
BeatportOfficial,BeatportOfficial,249
Preachlfw,Preachlfw,11334
Vadeal,Vadeal,4412
ElRichMC,ElRichMC,12030
followKudes,followKudes,853
OhTofu,OhTofu,7602
Chica,Chica,18849
itsRyanHiga,itsRyanHiga,10820
LeeboyJunior,LeeboyJunior,6184
wfan,wfan,62
RatoBorrachudo,RatoBorrachudo,11536
Tiagovski555YT,Tiagovski555YT,10850
JustaMinx,JustaMinx,7184
GTimeTV,GTimeTV,5029
bmkibler,bmkibler,3173
Criken,Criken,4348
aXtLOL,aXtLOL,13263
Aurateur,Aurateur,6982
xChocoBars,xChocoBars,14453
chocoTaco,chocoTaco,10159
zackrawrr,zackrawrr,34325
footballa3,footballa3,57
EAMaddenNFL,EAMaddenNFL,14797
KingGeorge,KingGeorge,8444
Chips,Chips,3923
